CREATE DATABASE  IF NOT EXISTS `helpdesk` /*!40100 DEFAULT CHARACTER SET utf8mb4 */;
USE `helpdesk`;
-- MySQL dump 10.13  Distrib 8.0.31, for Win64 (x86_64)
--
-- Host: localhost    Database: helpdesk
-- ------------------------------------------------------
-- Server version	5.7.36

/*!40101 SET @OLD_CHARACTER_SET_CLIENT=@@CHARACTER_SET_CLIENT */;
/*!40101 SET @OLD_CHARACTER_SET_RESULTS=@@CHARACTER_SET_RESULTS */;
/*!40101 SET @OLD_COLLATION_CONNECTION=@@COLLATION_CONNECTION */;
/*!50503 SET NAMES utf8 */;
/*!40103 SET @OLD_TIME_ZONE=@@TIME_ZONE */;
/*!40103 SET TIME_ZONE='+00:00' */;
/*!40014 SET @OLD_UNIQUE_CHECKS=@@UNIQUE_CHECKS, UNIQUE_CHECKS=0 */;
/*!40014 SET @OLD_FOREIGN_KEY_CHECKS=@@FOREIGN_KEY_CHECKS, FOREIGN_KEY_CHECKS=0 */;
/*!40101 SET @OLD_SQL_MODE=@@SQL_MODE, SQL_MODE='NO_AUTO_VALUE_ON_ZERO' */;
/*!40111 SET @OLD_SQL_NOTES=@@SQL_NOTES, SQL_NOTES=0 */;

--
-- Table structure for table `t_asignacion`
--

DROP TABLE IF EXISTS `t_asignacion`;
/*!40101 SET @saved_cs_client     = @@character_set_client */;
/*!50503 SET character_set_client = utf8mb4 */;
CREATE TABLE `t_asignacion` (
  `id_asignacion` int(11) NOT NULL AUTO_INCREMENT,
  `id_persona` int(11) NOT NULL,
  `id_equipo` int(11) NOT NULL,
  `marca` varchar(245) DEFAULT NULL,
  `modelo` varchar(245) DEFAULT NULL,
  `color` varchar(245) DEFAULT NULL,
  `descripcion` varchar(245) DEFAULT NULL,
  `memoria` varchar(245) DEFAULT NULL,
  `disco_duro` varchar(245) DEFAULT NULL,
  `procesador` varchar(245) DEFAULT NULL,
  PRIMARY KEY (`id_asignacion`),
  KEY `fkPersona_idx` (`id_persona`),
  KEY `fkPersonaAsignacion_idx` (`id_persona`),
  KEY `fkequipoAsignacion_idx` (`id_equipo`),
  CONSTRAINT `fkPersonaAsignacion` FOREIGN KEY (`id_persona`) REFERENCES `t_persona` (`id_persona`) ON DELETE NO ACTION ON UPDATE NO ACTION,
  CONSTRAINT `fkequipoAsignacion` FOREIGN KEY (`id_equipo`) REFERENCES `t_cat_equipo` (`id_equipo`) ON DELETE NO ACTION ON UPDATE NO ACTION
) ENGINE=InnoDB AUTO_INCREMENT=16 DEFAULT CHARSET=utf8mb4;
/*!40101 SET character_set_client = @saved_cs_client */;

--
-- Dumping data for table `t_asignacion`
--

LOCK TABLES `t_asignacion` WRITE;
/*!40000 ALTER TABLE `t_asignacion` DISABLE KEYS */;
INSERT INTO `t_asignacion` VALUES (4,1,2,'Acer','AET21','Rojo','El teclado esta en ingles y no tiene ralladuras la maquina','8 GB','120 SSD','Core i5 10500'),(9,9,2,'Dell','Inspiron 15000','Gris','La laptop no tiene ningúna rayadura','8gb','256GB','intel i3'),(10,1,5,'Lenovo','Thinkdesk','Negro','La entrada para el CPU es display port.','','',''),(14,5,6,'Logitech','BL-900','Negro','La bovina izquierda se escucha un poco más que la dercha.','','','');
/*!40000 ALTER TABLE `t_asignacion` ENABLE KEYS */;
UNLOCK TABLES;

--
-- Table structure for table `t_cat_equipo`
--

DROP TABLE IF EXISTS `t_cat_equipo`;
/*!40101 SET @saved_cs_client     = @@character_set_client */;
/*!50503 SET character_set_client = utf8mb4 */;
CREATE TABLE `t_cat_equipo` (
  `id_equipo` int(11) NOT NULL AUTO_INCREMENT,
  `nombre` varchar(245) NOT NULL,
  `descripcion` varchar(245) DEFAULT NULL,
  PRIMARY KEY (`id_equipo`)
) ENGINE=InnoDB AUTO_INCREMENT=9 DEFAULT CHARSET=utf8mb4;
/*!40101 SET character_set_client = @saved_cs_client */;

--
-- Dumping data for table `t_cat_equipo`
--

LOCK TABLES `t_cat_equipo` WRITE;
/*!40000 ALTER TABLE `t_cat_equipo` DISABLE KEYS */;
INSERT INTO `t_cat_equipo` VALUES (1,'PC','fas fa-desktop'),(2,'Laptop','fas fa-laptop'),(3,'Mouse','fas fa-mouse'),(4,'Teclado','fas fa-keyboard'),(5,'Monitor','fas fa-tv'),(6,'Bocinas','fas fa-volume-up'),(7,'Microfono','fas fa-microphone'),(8,'Proyector','fas fa-projector');
/*!40000 ALTER TABLE `t_cat_equipo` ENABLE KEYS */;
UNLOCK TABLES;

--
-- Table structure for table `t_cat_roles`
--

DROP TABLE IF EXISTS `t_cat_roles`;
/*!40101 SET @saved_cs_client     = @@character_set_client */;
/*!50503 SET character_set_client = utf8mb4 */;
CREATE TABLE `t_cat_roles` (
  `id_rol` int(11) NOT NULL AUTO_INCREMENT,
  `nombre` varchar(245) NOT NULL,
  `descripcion` varchar(245) DEFAULT NULL,
  PRIMARY KEY (`id_rol`)
) ENGINE=InnoDB AUTO_INCREMENT=3 DEFAULT CHARSET=utf8mb4;
/*!40101 SET character_set_client = @saved_cs_client */;

--
-- Dumping data for table `t_cat_roles`
--

LOCK TABLES `t_cat_roles` WRITE;
/*!40000 ALTER TABLE `t_cat_roles` DISABLE KEYS */;
INSERT INTO `t_cat_roles` VALUES (1,'cliente','Es un cliente'),(2,'admin','Es Admin');
/*!40000 ALTER TABLE `t_cat_roles` ENABLE KEYS */;
UNLOCK TABLES;

--
-- Table structure for table `t_persona`
--

DROP TABLE IF EXISTS `t_persona`;
/*!40101 SET @saved_cs_client     = @@character_set_client */;
/*!50503 SET character_set_client = utf8mb4 */;
CREATE TABLE `t_persona` (
  `id_persona` int(11) NOT NULL AUTO_INCREMENT,
  `paterno` varchar(245) NOT NULL,
  `materno` varchar(245) DEFAULT NULL,
  `nombre` varchar(245) NOT NULL,
  `fecha_nacimiento` varchar(245) NOT NULL,
  `sexo` varchar(2) DEFAULT NULL,
  `telefono` varchar(45) DEFAULT NULL,
  `correo` varchar(245) DEFAULT NULL,
  `fechaInsert` datetime DEFAULT CURRENT_TIMESTAMP,
  PRIMARY KEY (`id_persona`)
) ENGINE=InnoDB AUTO_INCREMENT=11 DEFAULT CHARSET=utf8mb4;
/*!40101 SET character_set_client = @saved_cs_client */;

--
-- Dumping data for table `t_persona`
--

LOCK TABLES `t_persona` WRITE;
/*!40000 ALTER TABLE `t_persona` DISABLE KEYS */;
INSERT INTO `t_persona` VALUES (1,'help','desk','demo','2021-08-09','M','56895623','helpdesk@gmail.com','2021-08-09 14:18:27'),(2,'lopez','martinez','juan','2000-01-10','M','88','correo@gmail.com','2021-08-10 13:59:19'),(3,'lopez','martinez','juan','2000-01-11','M','8885','correo@gmail.com','2021-08-10 14:00:37'),(4,'Saavedra','Rojas','Brandon','1999-10-19','M','5512345678','correo1@correo.com','2022-11-04 17:37:52'),(5,'Hernandez','Flores','Raúl','1994-01-15','M','5591255147','raul.hernandez@correo.com','2022-11-04 19:19:48'),(9,'Salinas','Oregon','Sofia','2022-11-10','F','2544654478','correo2@correo.com','2022-11-10 00:39:56'),(10,'Mancilla','Bernal','Edgar','2022-11-21','M','5512345678','correomanber@correo.com','2022-11-21 20:10:29');
/*!40000 ALTER TABLE `t_persona` ENABLE KEYS */;
UNLOCK TABLES;

--
-- Table structure for table `t_reportes`
--

DROP TABLE IF EXISTS `t_reportes`;
/*!40101 SET @saved_cs_client     = @@character_set_client */;
/*!50503 SET character_set_client = utf8mb4 */;
CREATE TABLE `t_reportes` (
  `id_reporte` int(11) NOT NULL AUTO_INCREMENT,
  `id_usuario` int(11) NOT NULL,
  `id_equipo` int(11) NOT NULL,
  `id_usuario_tecnico` int(11) DEFAULT NULL,
  `descripcion_problema` text NOT NULL,
  `solucion_problema` text,
  `estatus` int(11) NOT NULL DEFAULT '1',
  `fecha` datetime NOT NULL DEFAULT CURRENT_TIMESTAMP,
  PRIMARY KEY (`id_reporte`),
  KEY `fkUsuarioReporte_idx` (`id_usuario`),
  KEY `fkEquipoReporte_idx` (`id_equipo`),
  CONSTRAINT `fkEquipoReporte` FOREIGN KEY (`id_equipo`) REFERENCES `t_cat_equipo` (`id_equipo`) ON DELETE NO ACTION ON UPDATE NO ACTION,
  CONSTRAINT `fkUsuarioReporte` FOREIGN KEY (`id_usuario`) REFERENCES `t_usuarios` (`id_usuario`) ON DELETE NO ACTION ON UPDATE NO ACTION
) ENGINE=InnoDB AUTO_INCREMENT=5 DEFAULT CHARSET=utf8mb4;
/*!40101 SET character_set_client = @saved_cs_client */;

--
-- Dumping data for table `t_reportes`
--

LOCK TABLES `t_reportes` WRITE;
/*!40000 ALTER TABLE `t_reportes` DISABLE KEYS */;
INSERT INTO `t_reportes` VALUES (2,2,4,5,'El teclado es Americano y yo necesito un teclado latino.','Solucion de prueba',0,'2022-11-19 15:38:32'),(3,2,2,NULL,'Se calienta en muy poco tiempo y se comienza a trabar.','Solucion de prueba 2',0,'2022-11-19 16:02:47'),(4,2,5,5,'De repente se apagó y no supé que pasó','asdas',0,'2022-11-21 02:15:03');
/*!40000 ALTER TABLE `t_reportes` ENABLE KEYS */;
UNLOCK TABLES;

--
-- Table structure for table `t_usuarios`
--

DROP TABLE IF EXISTS `t_usuarios`;
/*!40101 SET @saved_cs_client     = @@character_set_client */;
/*!50503 SET character_set_client = utf8mb4 */;
CREATE TABLE `t_usuarios` (
  `id_usuario` int(11) NOT NULL AUTO_INCREMENT,
  `id_rol` int(11) NOT NULL,
  `id_persona` int(11) NOT NULL,
  `usuario` varchar(245) NOT NULL,
  `password` varchar(245) NOT NULL,
  `ubicacion` text,
  `activo` int(11) NOT NULL DEFAULT '1',
  `fecha_insert` varchar(45) DEFAULT NULL,
  PRIMARY KEY (`id_usuario`),
  KEY `fkPersona_idx` (`id_persona`),
  KEY `fkRoles_idx` (`id_rol`),
  CONSTRAINT `fkPersona` FOREIGN KEY (`id_persona`) REFERENCES `t_persona` (`id_persona`) ON DELETE NO ACTION ON UPDATE NO ACTION,
  CONSTRAINT `fkRoles` FOREIGN KEY (`id_rol`) REFERENCES `t_cat_roles` (`id_rol`) ON DELETE NO ACTION ON UPDATE NO ACTION
) ENGINE=InnoDB AUTO_INCREMENT=8 DEFAULT CHARSET=utf8mb4;
/*!40101 SET character_set_client = @saved_cs_client */;

--
-- Dumping data for table `t_usuarios`
--

LOCK TABLES `t_usuarios` WRITE;
/*!40000 ALTER TABLE `t_usuarios` DISABLE KEYS */;
INSERT INTO `t_usuarios` VALUES (2,1,1,'cliente','d94019fd760a71edf11844bb5c601a4de95aacaf','Modulo 1',1,NULL),(4,1,4,'kamala','d033e22ae348aeb5660fc2140aec35850c4da997','CDC',1,NULL),(5,2,5,'raul','d033e22ae348aeb5660fc2140aec35850c4da997','CDC',1,NULL),(6,1,9,'sofi','2153466677ad4be9bd27aca818738e1ed27f42be','CDC',0,NULL);
/*!40000 ALTER TABLE `t_usuarios` ENABLE KEYS */;
UNLOCK TABLES;
/*!40103 SET TIME_ZONE=@OLD_TIME_ZONE */;

/*!40101 SET SQL_MODE=@OLD_SQL_MODE */;
/*!40014 SET FOREIGN_KEY_CHECKS=@OLD_FOREIGN_KEY_CHECKS */;
/*!40014 SET UNIQUE_CHECKS=@OLD_UNIQUE_CHECKS */;
/*!40101 SET CHARACTER_SET_CLIENT=@OLD_CHARACTER_SET_CLIENT */;
/*!40101 SET CHARACTER_SET_RESULTS=@OLD_CHARACTER_SET_RESULTS */;
/*!40101 SET COLLATION_CONNECTION=@OLD_COLLATION_CONNECTION */;
/*!40111 SET SQL_NOTES=@OLD_SQL_NOTES */;

-- Dump completed on 2022-11-21 22:03:03
